﻿<?xml version="1.0" encoding="utf-8"?>
<Elements xmlns="http://schemas.microsoft.com/sharepoint/">
  <!-- Parent ContentType: WorkflowTask (0x01080100) -->
  <ContentType ID="0x0108010067ed61abd4994abfa427991318fe00a5"
               Name="GeneriekeTaak"
               Group="DevNetNoord"
               Description=""
               Inherits="TRUE"
               Version="0">
    <FieldRefs>
      <FieldRef ID="{C49DF440-5C34-4dc2-A602-A0AA6FD3445F}" Name="ControlTemplate"/>
    </FieldRefs>
    <XmlDocuments>
      <XmlDocument NamespaceURI="http://schemas.microsoft.com/sharepoint/v3/contenttype/forms/url">
        <FormUrls xmlns="http://schemas.microsoft.com/sharepoint/v3/contenttype/forms/url">
          <Display>_layouts/MachtigingService/GeneriekeTaak.aspx</Display>
          <Edit>_layouts/MachtigingService/GeneriekeTaak.aspx</Edit>
          <New>_layouts/MachtigingService/GeneriekeTaak.aspx</New>
        </FormUrls>
      </XmlDocument>
    </XmlDocuments>
  </ContentType>
</Elements>
