﻿<?xml version="1.0" encoding="utf-8" ?>

<!-- Customize the text in square brackets. 
Remove brackets when filling in, e.g.
Name="[NAME]" ==> Name="MyWorkflow" -->

<Elements xmlns="http://schemas.microsoft.com/sharepoint/">
  <Workflow
     Name="AanmeldenWorkflow"
     Description="My SharePoint Workflow"
     Id="29babf76-236c-42e9-8501-a64c811f91a7"
     CodeBesideClass="SP2010Demo.Workflows.AanmeldenWorkflow.AanmeldenWorkflow"
     CodeBesideAssembly="$assemblyname$">
    <Categories/>
    <MetaData>
      <AssociationCategories>List</AssociationCategories>
      <!-- Tags to specify InfoPath forms for the workflow; delete tags for forms that you do not have -->
      <!--<Association_FormURN>[URN FOR ASSOCIATION FORM]</Association_FormURN>
       <Instantiation_FormURN>[URN FOR INSTANTIATION FORM]</Instantiation_FormURN>
      <Task0_FormURN>[URN FOR TASK (type 0) FORM]</Task0_FormURN>
      <Task1_FormURN>[URN FOR TASK (type 1) FORM]</Task1_FormURN>-->
      <!-- Modification forms: create a unique guid for each modification form -->
      <!--<Modification_[UNIQUE GUID]_FormURN>[URN FOR MODIFICATION FORM]</Modification_[UNIQUE GUID]_FormURN>
      <Modification_[UNIQUE GUID]_Name>[NAME OF MODIFICATION TO BE DISPLAYED AS A LINK ON WORKFLOW STATUS PAGE</Modification_[UNIQUE GUID]_Name>
      -->
      <StatusPageUrl>_layouts/WrkStat.aspx</StatusPageUrl>
      <ExtendedStatusColumnValues>
        <StatusColumnValue>Ontvangen</StatusColumnValue>
        <StatusColumnValue>Aangemeld</StatusColumnValue>
        <StatusColumnValue>Afgemeld</StatusColumnValue>
        <StatusColumnValue>Einde</StatusColumnValue>
        <StatusColumnValue>Controleren</StatusColumnValue>
        <StatusColumnValue>Fout</StatusColumnValue>
      </ExtendedStatusColumnValues>
    </MetaData>
  </Workflow>
</Elements>
